<font>
  <info face="font" size="20" bold="0" italic="0" charset="" unicode="" stretchH="100" smooth="1" aa="1" padding="2,2,2,2" spacing="0,0" outline="0"/>
  <common lineHeight="27" base="18" scaleW="159" scaleH="430" pages="1" packed="0"/>
  <pages>
    <page id="0" file="font.png"/>
  </pages>
  <chars count="113">
    <char id="97" x="2" y="2" width="13" height="11" xoffset="0" yoffset="8" xadvance="11" page="0" chnl="15"/>
    <char id="98" x="2" y="15" width="11" height="16" xoffset="0" yoffset="3" xadvance="12" page="0" chnl="15"/>
    <char id="99" x="2" y="33" width="10" height="10" xoffset="1" yoffset="8" xadvance="9" page="0" chnl="15"/>
    <char id="100" x="2" y="45" width="13" height="16" xoffset="1" yoffset="3" xadvance="12" page="0" chnl="15"/>
    <char id="101" x="15" y="15" width="10" height="11" xoffset="1" yoffset="8" xadvance="9" page="0" chnl="15"/>
    <char id="102" x="2" y="63" width="10" height="18" xoffset="0" yoffset="3" xadvance="7" page="0" chnl="15"/>
    <char id="103" x="2" y="83" width="14" height="16" xoffset="0" yoffset="8" xadvance="11" page="0" chnl="15"/>
    <char id="104" x="14" y="63" width="11" height="17" xoffset="0" yoffset="3" xadvance="12" page="0" chnl="15"/>
    <char id="105" x="15" y="28" width="7" height="14" xoffset="0" yoffset="4" xadvance="5" page="0" chnl="15"/>
    <char id="106" x="24" y="28" width="6" height="20" xoffset="-1" yoffset="4" xadvance="5" page="0" chnl="15"/>
    <char id="107" x="27" y="2" width="12" height="16" xoffset="0" yoffset="3" xadvance="10" page="0" chnl="15"/>
    <char id="108" x="2" y="101" width="7" height="16" xoffset="0" yoffset="3" xadvance="6" page="0" chnl="15"/>
    <char id="109" x="17" y="50" width="20" height="11" xoffset="0" yoffset="8" xadvance="19" page="0" chnl="15"/>
    <char id="110" x="32" y="20" width="14" height="11" xoffset="0" yoffset="8" xadvance="13" page="0" chnl="15"/>
    <char id="111" x="32" y="33" width="11" height="11" xoffset="1" yoffset="8" xadvance="12" page="0" chnl="15"/>
    <char id="112" x="41" y="2" width="12" height="16" xoffset="0" yoffset="8" xadvance="12" page="0" chnl="15"/>
    <char id="113" x="2" y="119" width="12" height="16" xoffset="1" yoffset="8" xadvance="12" page="0" chnl="15"/>
    <char id="114" x="11" y="101" width="10" height="11" xoffset="0" yoffset="8" xadvance="9" page="0" chnl="15"/>
    <char id="115" x="18" y="82" width="9" height="11" xoffset="0" yoffset="8" xadvance="9" page="0" chnl="15"/>
    <char id="116" x="27" y="63" width="12" height="11" xoffset="-1" yoffset="7" xadvance="9" page="0" chnl="15"/>
    <char id="117" x="39" y="46" width="13" height="10" xoffset="0" yoffset="8" xadvance="12" page="0" chnl="15"/>
    <char id="118" x="45" y="33" width="12" height="11" xoffset="-1" yoffset="8" xadvance="11" page="0" chnl="15"/>
    <char id="119" x="48" y="20" width="16" height="10" xoffset="0" yoffset="8" xadvance="15" page="0" chnl="15"/>
    <char id="120" x="55" y="2" width="14" height="13" xoffset="-3" yoffset="8" xadvance="11" page="0" chnl="15"/>
    <char id="121" x="2" y="137" width="12" height="17" xoffset="0" yoffset="8" xadvance="11" page="0" chnl="15"/>
    <char id="122" x="2" y="156" width="10" height="11" xoffset="-1" yoffset="8" xadvance="8" page="0" chnl="15"/>
    <char id="65" x="2" y="169" width="14" height="15" xoffset="-1" yoffset="3" xadvance="13" page="0" chnl="15"/>
    <char id="66" x="16" y="114" width="15" height="16" xoffset="0" yoffset="3" xadvance="15" page="0" chnl="15"/>
    <char id="67" x="16" y="132" width="14" height="19" xoffset="1" yoffset="2" xadvance="13" page="0" chnl="15"/>
    <char id="68" x="23" y="95" width="16" height="16" xoffset="0" yoffset="3" xadvance="16" page="0" chnl="15"/>
    <char id="69" x="2" y="186" width="14" height="18" xoffset="0" yoffset="2" xadvance="13" page="0" chnl="15"/>
    <char id="70" x="2" y="206" width="13" height="20" xoffset="0" yoffset="2" xadvance="12" page="0" chnl="15"/>
    <char id="71" x="29" y="76" width="15" height="17" xoffset="0" yoffset="2" xadvance="15" page="0" chnl="15"/>
    <char id="72" x="2" y="228" width="15" height="19" xoffset="0" yoffset="2" xadvance="15" page="0" chnl="15"/>
    <char id="73" x="41" y="58" width="8" height="15" xoffset="0" yoffset="4" xadvance="8" page="0" chnl="15"/>
    <char id="74" x="17" y="206" width="9" height="19" xoffset="-1" yoffset="3" xadvance="7" page="0" chnl="15"/>
    <char id="75" x="18" y="153" width="18" height="17" xoffset="0" yoffset="4" xadvance="15" page="0" chnl="15"/>
    <char id="76" x="32" y="132" width="13" height="16" xoffset="0" yoffset="3" xadvance="12" page="0" chnl="15"/>
    <char id="77" x="33" y="113" width="21" height="15" xoffset="1" yoffset="3" xadvance="22" page="0" chnl="15"/>
    <char id="78" x="41" y="95" width="16" height="15" xoffset="0" yoffset="3" xadvance="16" page="0" chnl="15"/>
    <char id="79" x="46" y="75" width="16" height="15" xoffset="0" yoffset="3" xadvance="16" page="0" chnl="15"/>
    <char id="80" x="54" y="46" width="17" height="20" xoffset="-3" yoffset="3" xadvance="13" page="0" chnl="15"/>
    <char id="81" x="66" y="17" width="18" height="21" xoffset="1" yoffset="3" xadvance="16" page="0" chnl="15"/>
    <char id="82" x="18" y="172" width="20" height="17" xoffset="0" yoffset="3" xadvance="15" page="0" chnl="15"/>
    <char id="83" x="38" y="150" width="12" height="16" xoffset="0" yoffset="3" xadvance="12" page="0" chnl="15"/>
    <char id="84" x="47" y="130" width="15" height="16" xoffset="0" yoffset="3" xadvance="15" page="0" chnl="15"/>
    <char id="85" x="56" y="112" width="16" height="16" xoffset="0" yoffset="3" xadvance="16" page="0" chnl="15"/>
    <char id="86" x="59" y="92" width="17" height="15" xoffset="0" yoffset="4" xadvance="15" page="0" chnl="15"/>
    <char id="87" x="64" y="68" width="22" height="15" xoffset="0" yoffset="4" xadvance="20" page="0" chnl="15"/>
    <char id="88" x="73" y="40" width="18" height="16" xoffset="-2" yoffset="4" xadvance="15" page="0" chnl="15"/>
    <char id="89" x="86" y="2" width="15" height="19" xoffset="0" yoffset="3" xadvance="15" page="0" chnl="15"/>
    <char id="90" x="2" y="249" width="15" height="18" xoffset="0" yoffset="3" xadvance="14" page="0" chnl="15"/>
    <char id="33" x="86" y="23" width="3" height="15" xoffset="1" yoffset="4" xadvance="5" page="0" chnl="15"/>
    <char id="8470" x="91" y="23" width="25" height="15" xoffset="1" yoffset="4" xadvance="27" page="0" chnl="15"/>
    <char id="59" x="59" y="32" width="5" height="9" xoffset="1" yoffset="9" xadvance="6" page="0" chnl="15"/>
    <char id="37" x="103" y="2" width="13" height="14" xoffset="1" yoffset="4" xadvance="14" page="0" chnl="15"/>
    <char id="58" x="73" y="58" width="4" height="8" xoffset="1" yoffset="9" xadvance="5" page="0" chnl="15"/>
    <char id="63" x="2" y="269" width="8" height="15" xoffset="0" yoffset="4" xadvance="8" page="0" chnl="15"/>
    <char id="42" x="79" y="58" width="7" height="8" xoffset="0" yoffset="4" xadvance="7" page="0" chnl="15"/>
    <char id="40" x="2" y="286" width="5" height="20" xoffset="1" yoffset="2" xadvance="6" page="0" chnl="15"/>
    <char id="41" x="2" y="308" width="5" height="20" xoffset="0" yoffset="2" xadvance="6" page="0" chnl="15"/>
    <char id="95" x="38" y="168" width="9" height="2" xoffset="0" yoffset="17" xadvance="9" page="0" chnl="15"/>
    <char id="43" x="71" y="2" width="9" height="11" xoffset="1" yoffset="8" xadvance="10" page="0" chnl="15"/>
    <char id="45" x="103" y="18" width="6" height="2" xoffset="1" yoffset="11" xadvance="8" page="0" chnl="15"/>
    <char id="61" x="18" y="191" width="9" height="6" xoffset="1" yoffset="10" xadvance="10" page="0" chnl="15"/>
    <char id="46" x="111" y="18" width="4" height="3" xoffset="1" yoffset="16" xadvance="4" page="0" chnl="15"/>
    <char id="44" x="17" y="44" width="5" height="4" xoffset="0" yoffset="16" xadvance="4" page="0" chnl="15"/>
    <char id="47" x="2" y="330" width="11" height="17" xoffset="-1" yoffset="3" xadvance="6" page="0" chnl="15"/>
    <char id="124" x="9" y="286" width="2" height="20" xoffset="2" yoffset="3" xadvance="5" page="0" chnl="15"/>
    <char id="34" x="51" y="68" width="6" height="5" xoffset="1" yoffset="2" xadvance="7" page="0" chnl="15"/>
    <char id="39" x="59" y="68" width="3" height="5" xoffset="1" yoffset="2" xadvance="4" page="0" chnl="15"/>
    <char id="64" x="12" y="269" width="13" height="15" xoffset="1" yoffset="4" xadvance="13" page="0" chnl="15"/>
    <char id="35" x="9" y="308" width="9" height="14" xoffset="1" yoffset="4" xadvance="10" page="0" chnl="15"/>
    <char id="36" x="13" y="286" width="10" height="18" xoffset="1" yoffset="3" xadvance="10" page="0" chnl="15"/>
    <char id="94" x="19" y="227" width="9" height="7" xoffset="0" yoffset="6" xadvance="9" page="0" chnl="15"/>
    <char id="38" x="28" y="199" width="16" height="14" xoffset="1" yoffset="5" xadvance="16" page="0" chnl="15"/>
    <char id="123" x="40" y="172" width="6" height="18" xoffset="0" yoffset="4" xadvance="7" page="0" chnl="15"/>
    <char id="125" x="19" y="236" width="6" height="18" xoffset="0" yoffset="4" xadvance="7" page="0" chnl="15"/>
    <char id="91" x="2" y="349" width="6" height="21" xoffset="2" yoffset="2" xadvance="7" page="0" chnl="15"/>
    <char id="93" x="2" y="372" width="6" height="21" xoffset="0" yoffset="2" xadvance="7" page="0" chnl="15"/>
    <char id="1040" x="2" y="395" width="14" height="15" xoffset="-1" yoffset="3" xadvance="13" page="0" chnl="15"/>
    <char id="1041" x="10" y="349" width="13" height="16" xoffset="0" yoffset="3" xadvance="14" page="0" chnl="15"/>
    <char id="1042" x="15" y="324" width="15" height="16" xoffset="0" yoffset="3" xadvance="15" page="0" chnl="15"/>
    <char id="1043" x="10" y="367" width="13" height="18" xoffset="0" yoffset="2" xadvance="12" page="0" chnl="15"/>
    <char id="1044" x="25" y="286" width="16" height="19" xoffset="0" yoffset="3" xadvance="15" page="0" chnl="15"/>
    <char id="1045" x="27" y="236" width="16" height="17" xoffset="0" yoffset="2" xadvance="15" page="0" chnl="15"/>
    <char id="1025" x="30" y="215" width="16" height="19" xoffset="0" yoffset="0" xadvance="15" page="0" chnl="15"/>
    <char id="1046" x="20" y="307" width="24" height="15" xoffset="-1" yoffset="4" xadvance="23" page="0" chnl="15"/>
    <char id="1047" x="46" y="192" width="11" height="15" xoffset="1" yoffset="3" xadvance="11" page="0" chnl="15"/>
    <char id="1048" x="48" y="172" width="18" height="15" xoffset="0" yoffset="4" xadvance="18" page="0" chnl="15"/>
    <char id="1049" x="52" y="148" width="18" height="18" xoffset="0" yoffset="0" xadvance="18" page="0" chnl="15"/>
    <char id="1050" x="64" y="130" width="16" height="15" xoffset="0" yoffset="4" xadvance="15" page="0" chnl="15"/>
    <char id="1051" x="74" y="109" width="17" height="15" xoffset="-1" yoffset="3" xadvance="16" page="0" chnl="15"/>
    <char id="1052" x="78" y="85" width="22" height="15" xoffset="0" yoffset="4" xadvance="22" page="0" chnl="15"/>
    <char id="1053" x="88" y="58" width="18" height="15" xoffset="0" yoffset="4" xadvance="17" page="0" chnl="15"/>
    <char id="1054" x="93" y="40" width="16" height="15" xoffset="0" yoffset="3" xadvance="16" page="0" chnl="15"/>
    <char id="1055" x="27" y="255" width="18" height="15" xoffset="0" yoffset="4" xadvance="17" page="0" chnl="15"/>
    <char id="1056" x="43" y="272" width="17" height="20" xoffset="-3" yoffset="3" xadvance="13" page="0" chnl="15"/>
    <char id="1057" x="47" y="236" width="14" height="19" xoffset="1" yoffset="2" xadvance="13" page="0" chnl="15"/>
    <char id="1058" x="48" y="209" width="15" height="16" xoffset="0" yoffset="3" xadvance="14" page="0" chnl="15"/>
    <char id="1059" x="59" y="189" width="15" height="15" xoffset="-1" yoffset="4" xadvance="13" page="0" chnl="15"/>
    <char id="1060" x="68" y="168" width="17" height="15" xoffset="0" yoffset="4" xadvance="18" page="0" chnl="15"/>
    <char id="1061" x="72" y="147" width="18" height="16" xoffset="-2" yoffset="4" xadvance="15" page="0" chnl="15"/>
    <char id="1062" x="82" y="126" width="18" height="18" xoffset="0" yoffset="4" xadvance="17" page="0" chnl="15"/>
    <char id="1063" x="93" y="102" width="16" height="15" xoffset="0" yoffset="4" xadvance="16" page="0" chnl="15"/>
    <char id="1064" x="102" y="75" width="24" height="15" xoffset="0" yoffset="4" xadvance="24" page="0" chnl="15"/>
    <char id="1065" x="111" y="40" width="25" height="18" xoffset="0" yoffset="4" xadvance="24" page="0" chnl="15"/>
    <char id="1068" x="118" y="2" width="13" height="15" xoffset="0" yoffset="4" xadvance="14" page="0" chnl="15"/>
    <char id="1067" x="118" y="19" width="21" height="15" xoffset="0" yoffset="4" xadvance="21" page="0" chnl="15"/>
    <char id="1066" x="2" y="412" width="17" height="16" xoffset="0" yoffset="3" xadvance="17" page="0" chnl="15"/>
    <char id="1069" x="18" y="387" width="14" height="17" xoffset="-1" yoffset="3" xadvance="13" page="0" chnl="15"/>
    <char id="1070" x="133" y="2" width="24" height="15" xoffset="0" yoffset="3" xadvance="24" page="0" chnl="15"/>
    <char id="1071" x="25" y="342" width="16" height="15" xoffset="-1" yoffset="3" xadvance="16" page="0" chnl="15"/>
    <char id="32" x="0" y="0" width="0" height="0" xoffset="-1" yoffset="3" xadvance="5" page="0" chnl="15"/>
  </chars>
  <kernings count="429">
    <kerning first="45" second="65" amount="-1"/>
    <kerning first="45" second="66" amount="-2"/>
    <kerning first="45" second="70" amount="-2"/>
    <kerning first="45" second="72" amount="-1"/>
    <kerning first="45" second="73" amount="-1"/>
    <kerning first="45" second="74" amount="-1"/>
    <kerning first="45" second="75" amount="-2"/>
    <kerning first="45" second="76" amount="-1"/>
    <kerning first="45" second="78" amount="-1"/>
    <kerning first="45" second="80" amount="-1"/>
    <kerning first="45" second="82" amount="-1"/>
    <kerning first="45" second="83" amount="-1"/>
    <kerning first="45" second="84" amount="-1"/>
    <kerning first="45" second="85" amount="0"/>
    <kerning first="45" second="86" amount="-2"/>
    <kerning first="45" second="87" amount="-2"/>
    <kerning first="45" second="88" amount="-1"/>
    <kerning first="45" second="90" amount="-2"/>
    <kerning first="45" second="97" amount="-1"/>
    <kerning first="45" second="98" amount="-1"/>
    <kerning first="45" second="104" amount="-1"/>
    <kerning first="45" second="107" amount="-1"/>
    <kerning first="45" second="108" amount="-1"/>
    <kerning first="45" second="109" amount="-1"/>
    <kerning first="45" second="111" amount="-1"/>
    <kerning first="45" second="112" amount="-1"/>
    <kerning first="45" second="113" amount="-1"/>
    <kerning first="45" second="116" amount="-1"/>
    <kerning first="45" second="121" amount="-1"/>
    <kerning first="45" second="122" amount="-1"/>
    <kerning first="45" second="1040" amount="-1"/>
    <kerning first="45" second="1041" amount="-2"/>
    <kerning first="45" second="1042" amount="-2"/>
    <kerning first="45" second="1048" amount="-1"/>
    <kerning first="45" second="1049" amount="-1"/>
    <kerning first="45" second="1050" amount="-2"/>
    <kerning first="45" second="1053" amount="-1"/>
    <kerning first="45" second="1055" amount="-1"/>
    <kerning first="45" second="1056" amount="-1"/>
    <kerning first="45" second="1058" amount="-1"/>
    <kerning first="45" second="1062" amount="-1"/>
    <kerning first="45" second="1064" amount="-1"/>
    <kerning first="45" second="1065" amount="-1"/>
    <kerning first="45" second="1067" amount="-1"/>
    <kerning first="47" second="47" amount="-2"/>
    <kerning first="47" second="113" amount="-1"/>
    <kerning first="65" second="42" amount="-1"/>
    <kerning first="65" second="45" amount="-1"/>
    <kerning first="65" second="67" amount="0"/>
    <kerning first="65" second="70" amount="0"/>
    <kerning first="65" second="74" amount="-1"/>
    <kerning first="65" second="81" amount="-1"/>
    <kerning first="65" second="86" amount="-2"/>
    <kerning first="65" second="87" amount="-1"/>
    <kerning first="65" second="89" amount="0"/>
    <kerning first="65" second="118" amount="-1"/>
    <kerning first="65" second="119" amount="-1"/>
    <kerning first="65" second="121" amount="-1"/>
    <kerning first="66" second="42" amount="-1"/>
    <kerning first="66" second="44" amount="-1"/>
    <kerning first="66" second="46" amount="-1"/>
    <kerning first="66" second="66" amount="-1"/>
    <kerning first="66" second="70" amount="-1"/>
    <kerning first="66" second="73" amount="-1"/>
    <kerning first="66" second="74" amount="-1"/>
    <kerning first="66" second="75" amount="-1"/>
    <kerning first="66" second="76" amount="-1"/>
    <kerning first="66" second="80" amount="0"/>
    <kerning first="66" second="82" amount="-1"/>
    <kerning first="66" second="86" amount="-1"/>
    <kerning first="66" second="87" amount="-2"/>
    <kerning first="66" second="90" amount="-1"/>
    <kerning first="67" second="45" amount="-1"/>
    <kerning first="67" second="118" amount="-1"/>
    <kerning first="67" second="119" amount="-1"/>
    <kerning first="69" second="45" amount="-1"/>
    <kerning first="69" second="79" amount="0"/>
    <kerning first="69" second="81" amount="0"/>
    <kerning first="70" second="44" amount="-1"/>
    <kerning first="70" second="46" amount="-1"/>
    <kerning first="70" second="65" amount="0"/>
    <kerning first="70" second="75" amount="-1"/>
    <kerning first="70" second="83" amount="0"/>
    <kerning first="70" second="90" amount="0"/>
    <kerning first="71" second="42" amount="-1"/>
    <kerning first="71" second="44" amount="-1"/>
    <kerning first="71" second="46" amount="-1"/>
    <kerning first="71" second="66" amount="0"/>
    <kerning first="71" second="70" amount="-1"/>
    <kerning first="71" second="73" amount="0"/>
    <kerning first="71" second="74" amount="0"/>
    <kerning first="71" second="76" amount="-1"/>
    <kerning first="71" second="82" amount="-1"/>
    <kerning first="71" second="86" amount="-1"/>
    <kerning first="71" second="88" amount="0"/>
    <kerning first="71" second="90" amount="-1"/>
    <kerning first="72" second="44" amount="-1"/>
    <kerning first="72" second="46" amount="-1"/>
    <kerning first="72" second="59" amount="-1"/>
    <kerning first="72" second="65" amount="-1"/>
    <kerning first="72" second="66" amount="0"/>
    <kerning first="72" second="74" amount="-1"/>
    <kerning first="72" second="76" amount="-1"/>
    <kerning first="72" second="86" amount="-1"/>
    <kerning first="72" second="87" amount="0"/>
    <kerning first="72" second="90" amount="-1"/>
    <kerning first="73" second="45" amount="-1"/>
    <kerning first="73" second="67" amount="-1"/>
    <kerning first="73" second="71" amount="-1"/>
    <kerning first="74" second="44" amount="-1"/>
    <kerning first="74" second="45" amount="-1"/>
    <kerning first="74" second="46" amount="-1"/>
    <kerning first="75" second="45" amount="-1"/>
    <kerning first="75" second="69" amount="-1"/>
    <kerning first="75" second="79" amount="-1"/>
    <kerning first="75" second="81" amount="-1"/>
    <kerning first="75" second="83" amount="0"/>
    <kerning first="75" second="118" amount="-1"/>
    <kerning first="75" second="119" amount="-1"/>
    <kerning first="75" second="121" amount="-1"/>
    <kerning first="76" second="42" amount="-2"/>
    <kerning first="76" second="45" amount="-2"/>
    <kerning first="76" second="70" amount="-1"/>
    <kerning first="76" second="74" amount="-1"/>
    <kerning first="76" second="86" amount="-2"/>
    <kerning first="76" second="87" amount="-1"/>
    <kerning first="76" second="118" amount="-1"/>
    <kerning first="76" second="119" amount="-1"/>
    <kerning first="76" second="121" amount="-1"/>
    <kerning first="77" second="44" amount="-1"/>
    <kerning first="77" second="46" amount="-2"/>
    <kerning first="77" second="47" amount="-1"/>
    <kerning first="77" second="70" amount="-1"/>
    <kerning first="77" second="75" amount="-1"/>
    <kerning first="77" second="76" amount="-1"/>
    <kerning first="77" second="86" amount="-1"/>
    <kerning first="77" second="88" amount="-1"/>
    <kerning first="77" second="90" amount="-1"/>
    <kerning first="78" second="45" amount="0"/>
    <kerning first="78" second="70" amount="0"/>
    <kerning first="79" second="44" amount="-2"/>
    <kerning first="79" second="46" amount="-2"/>
    <kerning first="79" second="47" amount="-1"/>
    <kerning first="79" second="59" amount="-1"/>
    <kerning first="79" second="66" amount="-1"/>
    <kerning first="79" second="70" amount="-1"/>
    <kerning first="79" second="74" amount="-1"/>
    <kerning first="79" second="75" amount="-1"/>
    <kerning first="79" second="76" amount="-1"/>
    <kerning first="79" second="82" amount="-1"/>
    <kerning first="79" second="86" amount="-1"/>
    <kerning first="79" second="87" amount="-1"/>
    <kerning first="79" second="88" amount="-1"/>
    <kerning first="79" second="90" amount="-1"/>
    <kerning first="80" second="44" amount="-4"/>
    <kerning first="80" second="45" amount="-1"/>
    <kerning first="80" second="46" amount="-4"/>
    <kerning first="80" second="47" amount="-3"/>
    <kerning first="80" second="58" amount="-1"/>
    <kerning first="80" second="59" amount="-1"/>
    <kerning first="80" second="65" amount="-1"/>
    <kerning first="80" second="66" amount="0"/>
    <kerning first="80" second="83" amount="0"/>
    <kerning first="80" second="88" amount="-1"/>
    <kerning first="80" second="90" amount="0"/>
    <kerning first="80" second="97" amount="-1"/>
    <kerning first="80" second="99" amount="-1"/>
    <kerning first="80" second="100" amount="-1"/>
    <kerning first="80" second="101" amount="-1"/>
    <kerning first="80" second="103" amount="-1"/>
    <kerning first="80" second="111" amount="-1"/>
    <kerning first="80" second="113" amount="-1"/>
    <kerning first="80" second="115" amount="-1"/>
    <kerning first="81" second="86" amount="-1"/>
    <kerning first="81" second="87" amount="-1"/>
    <kerning first="81" second="88" amount="0"/>
    <kerning first="82" second="45" amount="-1"/>
    <kerning first="82" second="66" amount="-1"/>
    <kerning first="82" second="69" amount="-1"/>
    <kerning first="82" second="70" amount="-1"/>
    <kerning first="82" second="74" amount="-1"/>
    <kerning first="82" second="76" amount="-1"/>
    <kerning first="82" second="77" amount="0"/>
    <kerning first="82" second="78" amount="-1"/>
    <kerning first="82" second="79" amount="0"/>
    <kerning first="82" second="81" amount="-1"/>
    <kerning first="82" second="84" amount="-1"/>
    <kerning first="82" second="86" amount="-1"/>
    <kerning first="82" second="87" amount="-1"/>
    <kerning first="82" second="120" amount="-1"/>
    <kerning first="82" second="121" amount="-1"/>
    <kerning first="83" second="44" amount="-1"/>
    <kerning first="83" second="46" amount="-1"/>
    <kerning first="83" second="70" amount="-1"/>
    <kerning first="83" second="75" amount="-1"/>
    <kerning first="83" second="90" amount="0"/>
    <kerning first="84" second="44" amount="-1"/>
    <kerning first="84" second="46" amount="-1"/>
    <kerning first="84" second="65" amount="0"/>
    <kerning first="84" second="66" amount="0"/>
    <kerning first="84" second="70" amount="-1"/>
    <kerning first="84" second="73" amount="0"/>
    <kerning first="84" second="74" amount="0"/>
    <kerning first="84" second="75" amount="-1"/>
    <kerning first="84" second="82" amount="-1"/>
    <kerning first="84" second="83" amount="-1"/>
    <kerning first="84" second="86" amount="-1"/>
    <kerning first="84" second="90" amount="-1"/>
    <kerning first="84" second="105" amount="0"/>
    <kerning first="84" second="121" amount="0"/>
    <kerning first="85" second="45" amount="-1"/>
    <kerning first="85" second="83" amount="-1"/>
    <kerning first="86" second="44" amount="-2"/>
    <kerning first="86" second="45" amount="-1"/>
    <kerning first="86" second="46" amount="-2"/>
    <kerning first="86" second="47" amount="-4"/>
    <kerning first="86" second="58" amount="-1"/>
    <kerning first="86" second="59" amount="-1"/>
    <kerning first="86" second="65" amount="-1"/>
    <kerning first="86" second="67" amount="0"/>
    <kerning first="86" second="69" amount="-1"/>
    <kerning first="86" second="77" amount="-1"/>
    <kerning first="86" second="79" amount="-1"/>
    <kerning first="86" second="83" amount="0"/>
    <kerning first="86" second="90" amount="0"/>
    <kerning first="86" second="97" amount="-2"/>
    <kerning first="86" second="99" amount="-1"/>
    <kerning first="86" second="100" amount="-1"/>
    <kerning first="86" second="101" amount="-1"/>
    <kerning first="86" second="103" amount="-2"/>
    <kerning first="86" second="111" amount="-1"/>
    <kerning first="86" second="113" amount="-2"/>
    <kerning first="86" second="114" amount="0"/>
    <kerning first="86" second="115" amount="-2"/>
    <kerning first="86" second="117" amount="-1"/>
    <kerning first="87" second="44" amount="-2"/>
    <kerning first="87" second="45" amount="-1"/>
    <kerning first="87" second="46" amount="-2"/>
    <kerning first="87" second="47" amount="-3"/>
    <kerning first="87" second="58" amount="-1"/>
    <kerning first="87" second="59" amount="-1"/>
    <kerning first="87" second="71" amount="0"/>
    <kerning first="87" second="79" amount="0"/>
    <kerning first="87" second="81" amount="-1"/>
    <kerning first="87" second="97" amount="-1"/>
    <kerning first="87" second="99" amount="-1"/>
    <kerning first="87" second="100" amount="-1"/>
    <kerning first="87" second="101" amount="-1"/>
    <kerning first="87" second="103" amount="-1"/>
    <kerning first="87" second="111" amount="-1"/>
    <kerning first="87" second="113" amount="-1"/>
    <kerning first="87" second="115" amount="-1"/>
    <kerning first="87" second="117" amount="0"/>
    <kerning first="88" second="45" amount="-1"/>
    <kerning first="88" second="67" amount="-1"/>
    <kerning first="88" second="69" amount="-1"/>
    <kerning first="88" second="71" amount="-1"/>
    <kerning first="88" second="77" amount="-1"/>
    <kerning first="88" second="79" amount="-1"/>
    <kerning first="88" second="81" amount="-1"/>
    <kerning first="88" second="118" amount="-1"/>
    <kerning first="88" second="119" amount="-1"/>
    <kerning first="88" second="121" amount="-1"/>
    <kerning first="90" second="45" amount="-2"/>
    <kerning first="90" second="67" amount="0"/>
    <kerning first="90" second="69" amount="-1"/>
    <kerning first="90" second="70" amount="-1"/>
    <kerning first="90" second="77" amount="-1"/>
    <kerning first="90" second="79" amount="-1"/>
    <kerning first="90" second="81" amount="-1"/>
    <kerning first="90" second="84" amount="-1"/>
    <kerning first="90" second="86" amount="-1"/>
    <kerning first="90" second="103" amount="-1"/>
    <kerning first="90" second="118" amount="-1"/>
    <kerning first="90" second="119" amount="-1"/>
    <kerning first="90" second="121" amount="-1"/>
    <kerning first="97" second="42" amount="-1"/>
    <kerning first="97" second="45" amount="-1"/>
    <kerning first="97" second="118" amount="0"/>
    <kerning first="97" second="121" amount="0"/>
    <kerning first="98" second="44" amount="-2"/>
    <kerning first="98" second="46" amount="-2"/>
    <kerning first="98" second="97" amount="0"/>
    <kerning first="99" second="97" amount="0"/>
    <kerning first="101" second="99" amount="0"/>
    <kerning first="101" second="103" amount="0"/>
    <kerning first="101" second="105" amount="0"/>
    <kerning first="102" second="42" amount="3"/>
    <kerning first="104" second="44" amount="-1"/>
    <kerning first="104" second="46" amount="-1"/>
    <kerning first="104" second="59" amount="-1"/>
    <kerning first="104" second="97" amount="-1"/>
    <kerning first="104" second="104" amount="-1"/>
    <kerning first="104" second="108" amount="-1"/>
    <kerning first="104" second="33" amount="-1"/>
    <kerning first="107" second="45" amount="-1"/>
    <kerning first="109" second="45" amount="-1"/>
    <kerning first="111" second="44" amount="-1"/>
    <kerning first="111" second="46" amount="-1"/>
    <kerning first="111" second="97" amount="0"/>
    <kerning first="112" second="44" amount="-1"/>
    <kerning first="112" second="46" amount="-1"/>
    <kerning first="112" second="47" amount="-1"/>
    <kerning first="113" second="45" amount="-1"/>
    <kerning first="113" second="97" amount="0"/>
    <kerning first="114" second="44" amount="-2"/>
    <kerning first="114" second="46" amount="-2"/>
    <kerning first="114" second="47" amount="-1"/>
    <kerning first="114" second="97" amount="-1"/>
    <kerning first="114" second="99" amount="0"/>
    <kerning first="114" second="100" amount="-1"/>
    <kerning first="114" second="101" amount="-1"/>
    <kerning first="114" second="103" amount="0"/>
    <kerning first="114" second="111" amount="-1"/>
    <kerning first="114" second="115" amount="0"/>
    <kerning first="115" second="104" amount="0"/>
    <kerning first="116" second="45" amount="-1"/>
    <kerning first="118" second="44" amount="-2"/>
    <kerning first="118" second="46" amount="-2"/>
    <kerning first="118" second="47" amount="-1"/>
    <kerning first="118" second="97" amount="-1"/>
    <kerning first="118" second="101" amount="0"/>
    <kerning first="119" second="44" amount="-1"/>
    <kerning first="119" second="46" amount="-1"/>
    <kerning first="119" second="47" amount="-1"/>
    <kerning first="121" second="44" amount="-2"/>
    <kerning first="121" second="46" amount="-2"/>
    <kerning first="121" second="47" amount="-1"/>
    <kerning first="121" second="97" amount="0"/>
    <kerning first="122" second="45" amount="-1"/>
    <kerning first="1040" second="42" amount="-1"/>
    <kerning first="1040" second="45" amount="-1"/>
    <kerning first="1040" second="1057" amount="0"/>
    <kerning first="1041" second="42" amount="-1"/>
    <kerning first="1041" second="44" amount="-1"/>
    <kerning first="1041" second="46" amount="-1"/>
    <kerning first="1041" second="1041" amount="-1"/>
    <kerning first="1041" second="1042" amount="-1"/>
    <kerning first="1041" second="1050" amount="-1"/>
    <kerning first="1041" second="1056" amount="0"/>
    <kerning first="1042" second="42" amount="-1"/>
    <kerning first="1042" second="44" amount="-1"/>
    <kerning first="1042" second="46" amount="-1"/>
    <kerning first="1042" second="1041" amount="-1"/>
    <kerning first="1042" second="1042" amount="-1"/>
    <kerning first="1042" second="1050" amount="-1"/>
    <kerning first="1042" second="1056" amount="0"/>
    <kerning first="1043" second="1044" amount="-3"/>
    <kerning first="1043" second="1051" amount="-3"/>
    <kerning first="1048" second="44" amount="-1"/>
    <kerning first="1048" second="46" amount="-1"/>
    <kerning first="1048" second="59" amount="-1"/>
    <kerning first="1048" second="1040" amount="-1"/>
    <kerning first="1048" second="1041" amount="0"/>
    <kerning first="1048" second="1042" amount="0"/>
    <kerning first="1049" second="44" amount="-1"/>
    <kerning first="1049" second="46" amount="-1"/>
    <kerning first="1049" second="59" amount="-1"/>
    <kerning first="1049" second="1040" amount="-1"/>
    <kerning first="1049" second="1041" amount="0"/>
    <kerning first="1049" second="1042" amount="0"/>
    <kerning first="1050" second="45" amount="-1"/>
    <kerning first="1050" second="1060" amount="-1"/>
    <kerning first="1052" second="45" amount="-1"/>
    <kerning first="1053" second="44" amount="-1"/>
    <kerning first="1053" second="46" amount="-1"/>
    <kerning first="1053" second="59" amount="-1"/>
    <kerning first="1053" second="1040" amount="-1"/>
    <kerning first="1053" second="1041" amount="0"/>
    <kerning first="1053" second="1042" amount="0"/>
    <kerning first="1054" second="44" amount="-2"/>
    <kerning first="1054" second="46" amount="-2"/>
    <kerning first="1054" second="47" amount="-1"/>
    <kerning first="1054" second="59" amount="-1"/>
    <kerning first="1054" second="1041" amount="-1"/>
    <kerning first="1054" second="1042" amount="-1"/>
    <kerning first="1054" second="1050" amount="-1"/>
    <kerning first="1055" second="44" amount="-1"/>
    <kerning first="1055" second="46" amount="-1"/>
    <kerning first="1055" second="59" amount="-1"/>
    <kerning first="1055" second="1040" amount="-1"/>
    <kerning first="1055" second="1041" amount="0"/>
    <kerning first="1055" second="1042" amount="0"/>
    <kerning first="1056" second="44" amount="-3"/>
    <kerning first="1056" second="45" amount="-1"/>
    <kerning first="1056" second="46" amount="-4"/>
    <kerning first="1056" second="47" amount="-3"/>
    <kerning first="1056" second="58" amount="-1"/>
    <kerning first="1056" second="59" amount="-1"/>
    <kerning first="1056" second="1040" amount="-1"/>
    <kerning first="1056" second="1041" amount="0"/>
    <kerning first="1056" second="1042" amount="0"/>
    <kerning first="1057" second="45" amount="-1"/>
    <kerning first="1058" second="1044" amount="-3"/>
    <kerning first="1058" second="1051" amount="-3"/>
    <kerning first="1059" second="1060" amount="-1"/>
    <kerning first="1060" second="44" amount="-2"/>
    <kerning first="1060" second="46" amount="-2"/>
    <kerning first="1060" second="47" amount="-1"/>
    <kerning first="1060" second="59" amount="-1"/>
    <kerning first="1060" second="1041" amount="-1"/>
    <kerning first="1060" second="1042" amount="-1"/>
    <kerning first="1060" second="1050" amount="-1"/>
    <kerning first="1060" second="1061" amount="-1"/>
    <kerning first="1062" second="44" amount="-1"/>
    <kerning first="1062" second="46" amount="-1"/>
    <kerning first="1062" second="59" amount="-1"/>
    <kerning first="1062" second="1040" amount="-1"/>
    <kerning first="1062" second="1041" amount="0"/>
    <kerning first="1062" second="1042" amount="0"/>
    <kerning first="1064" second="44" amount="-1"/>
    <kerning first="1064" second="46" amount="-1"/>
    <kerning first="1064" second="59" amount="-1"/>
    <kerning first="1064" second="1040" amount="-1"/>
    <kerning first="1064" second="1041" amount="0"/>
    <kerning first="1064" second="1042" amount="0"/>
    <kerning first="1065" second="44" amount="-1"/>
    <kerning first="1065" second="46" amount="-1"/>
    <kerning first="1065" second="59" amount="-1"/>
    <kerning first="1065" second="1040" amount="-1"/>
    <kerning first="1065" second="1041" amount="0"/>
    <kerning first="1065" second="1042" amount="0"/>
    <kerning first="1067" second="44" amount="-1"/>
    <kerning first="1067" second="46" amount="-1"/>
    <kerning first="1067" second="59" amount="-1"/>
    <kerning first="1067" second="1040" amount="-1"/>
    <kerning first="1067" second="1041" amount="0"/>
    <kerning first="1067" second="1042" amount="0"/>
    <kerning first="1070" second="1071" amount="0"/>
  </kernings>
</font>