<font>
  <info face="font" size="20" bold="0" italic="0" charset="" unicode="" stretchH="100" smooth="1" aa="1" padding="2,2,2,2" spacing="0,0" outline="0"/>
  <common lineHeight="23" base="13" scaleW="96" scaleH="410" pages="1" packed="0"/>
  <pages>
    <page id="0" file="font.png"/>
  </pages>
  <chars count="90">
    <char id="97" x="2" y="2" width="11" height="14" xoffset="0" yoffset="0" xadvance="14" page="0" chnl="15"/>
    <char id="98" x="2" y="18" width="11" height="14" xoffset="0" yoffset="0" xadvance="14" page="0" chnl="15"/>
    <char id="99" x="2" y="34" width="11" height="14" xoffset="0" yoffset="0" xadvance="14" page="0" chnl="15"/>
    <char id="100" x="2" y="50" width="11" height="14" xoffset="0" yoffset="0" xadvance="14" page="0" chnl="15"/>
    <char id="101" x="2" y="66" width="11" height="14" xoffset="0" yoffset="0" xadvance="14" page="0" chnl="15"/>
    <char id="102" x="2" y="82" width="11" height="14" xoffset="0" yoffset="0" xadvance="14" page="0" chnl="15"/>
    <char id="103" x="2" y="98" width="11" height="14" xoffset="0" yoffset="0" xadvance="14" page="0" chnl="15"/>
    <char id="104" x="2" y="114" width="11" height="14" xoffset="0" yoffset="0" xadvance="14" page="0" chnl="15"/>
    <char id="105" x="2" y="130" width="4" height="14" xoffset="0" yoffset="0" xadvance="7" page="0" chnl="15"/>
    <char id="106" x="2" y="146" width="9" height="14" xoffset="0" yoffset="0" xadvance="12" page="0" chnl="15"/>
    <char id="107" x="8" y="130" width="11" height="14" xoffset="0" yoffset="0" xadvance="14" page="0" chnl="15"/>
    <char id="108" x="15" y="2" width="11" height="14" xoffset="0" yoffset="0" xadvance="14" page="0" chnl="15"/>
    <char id="109" x="15" y="18" width="14" height="14" xoffset="0" yoffset="0" xadvance="17" page="0" chnl="15"/>
    <char id="110" x="28" y="2" width="11" height="14" xoffset="0" yoffset="0" xadvance="14" page="0" chnl="15"/>
    <char id="111" x="15" y="34" width="11" height="14" xoffset="0" yoffset="0" xadvance="14" page="0" chnl="15"/>
    <char id="112" x="15" y="50" width="11" height="14" xoffset="0" yoffset="0" xadvance="14" page="0" chnl="15"/>
    <char id="113" x="15" y="66" width="11" height="16" xoffset="0" yoffset="0" xadvance="14" page="0" chnl="15"/>
    <char id="114" x="15" y="84" width="11" height="14" xoffset="0" yoffset="0" xadvance="14" page="0" chnl="15"/>
    <char id="115" x="15" y="100" width="11" height="14" xoffset="0" yoffset="0" xadvance="14" page="0" chnl="15"/>
    <char id="116" x="2" y="162" width="9" height="14" xoffset="0" yoffset="0" xadvance="12" page="0" chnl="15"/>
    <char id="117" x="2" y="178" width="11" height="14" xoffset="0" yoffset="0" xadvance="14" page="0" chnl="15"/>
    <char id="118" x="13" y="146" width="11" height="14" xoffset="0" yoffset="0" xadvance="14" page="0" chnl="15"/>
    <char id="119" x="13" y="162" width="14" height="14" xoffset="0" yoffset="0" xadvance="17" page="0" chnl="15"/>
    <char id="120" x="21" y="116" width="11" height="14" xoffset="0" yoffset="0" xadvance="14" page="0" chnl="15"/>
    <char id="121" x="26" y="132" width="11" height="14" xoffset="0" yoffset="0" xadvance="14" page="0" chnl="15"/>
    <char id="122" x="28" y="34" width="11" height="14" xoffset="0" yoffset="0" xadvance="14" page="0" chnl="15"/>
    <char id="65" x="31" y="18" width="11" height="14" xoffset="0" yoffset="0" xadvance="14" page="0" chnl="15"/>
    <char id="66" x="41" y="2" width="11" height="14" xoffset="0" yoffset="0" xadvance="14" page="0" chnl="15"/>
    <char id="67" x="28" y="50" width="11" height="14" xoffset="0" yoffset="0" xadvance="14" page="0" chnl="15"/>
    <char id="68" x="28" y="66" width="11" height="14" xoffset="0" yoffset="0" xadvance="14" page="0" chnl="15"/>
    <char id="69" x="28" y="82" width="11" height="14" xoffset="0" yoffset="0" xadvance="14" page="0" chnl="15"/>
    <char id="70" x="28" y="98" width="11" height="14" xoffset="0" yoffset="0" xadvance="14" page="0" chnl="15"/>
    <char id="71" x="34" y="114" width="11" height="14" xoffset="0" yoffset="0" xadvance="14" page="0" chnl="15"/>
    <char id="72" x="41" y="34" width="11" height="14" xoffset="0" yoffset="0" xadvance="14" page="0" chnl="15"/>
    <char id="73" x="44" y="18" width="4" height="14" xoffset="0" yoffset="0" xadvance="7" page="0" chnl="15"/>
    <char id="74" x="50" y="18" width="9" height="14" xoffset="0" yoffset="0" xadvance="12" page="0" chnl="15"/>
    <char id="75" x="54" y="2" width="11" height="14" xoffset="0" yoffset="0" xadvance="14" page="0" chnl="15"/>
    <char id="76" x="41" y="50" width="11" height="14" xoffset="0" yoffset="0" xadvance="14" page="0" chnl="15"/>
    <char id="77" x="41" y="66" width="14" height="14" xoffset="0" yoffset="0" xadvance="17" page="0" chnl="15"/>
    <char id="78" x="54" y="34" width="11" height="14" xoffset="0" yoffset="0" xadvance="14" page="0" chnl="15"/>
    <char id="79" x="61" y="18" width="11" height="14" xoffset="0" yoffset="0" xadvance="14" page="0" chnl="15"/>
    <char id="80" x="67" y="2" width="11" height="14" xoffset="0" yoffset="0" xadvance="14" page="0" chnl="15"/>
    <char id="81" x="54" y="50" width="11" height="14" xoffset="0" yoffset="0" xadvance="14" page="0" chnl="15"/>
    <char id="82" x="41" y="82" width="11" height="14" xoffset="0" yoffset="0" xadvance="14" page="0" chnl="15"/>
    <char id="83" x="41" y="98" width="11" height="14" xoffset="0" yoffset="0" xadvance="14" page="0" chnl="15"/>
    <char id="84" x="2" y="194" width="9" height="14" xoffset="0" yoffset="0" xadvance="12" page="0" chnl="15"/>
    <char id="85" x="2" y="210" width="11" height="14" xoffset="0" yoffset="0" xadvance="14" page="0" chnl="15"/>
    <char id="86" x="13" y="194" width="11" height="14" xoffset="0" yoffset="0" xadvance="14" page="0" chnl="15"/>
    <char id="87" x="15" y="178" width="14" height="14" xoffset="0" yoffset="0" xadvance="17" page="0" chnl="15"/>
    <char id="88" x="29" y="148" width="11" height="14" xoffset="0" yoffset="0" xadvance="14" page="0" chnl="15"/>
    <char id="89" x="39" y="130" width="11" height="14" xoffset="0" yoffset="0" xadvance="14" page="0" chnl="15"/>
    <char id="90" x="47" y="114" width="11" height="14" xoffset="0" yoffset="0" xadvance="14" page="0" chnl="15"/>
    <char id="33" x="54" y="82" width="4" height="14" xoffset="0" yoffset="0" xadvance="7" page="0" chnl="15"/>
    <char id="8470" x="57" y="66" width="14" height="14" xoffset="0" yoffset="0" xadvance="9" page="0" chnl="15"/>
    <char id="59" x="67" y="34" width="4" height="16" xoffset="0" yoffset="0" xadvance="7" page="0" chnl="15"/>
    <char id="37" x="54" y="98" width="9" height="14" xoffset="0" yoffset="0" xadvance="12" page="0" chnl="15"/>
    <char id="58" x="60" y="82" width="4" height="14" xoffset="0" yoffset="0" xadvance="7" page="0" chnl="15"/>
    <char id="63" x="2" y="226" width="11" height="14" xoffset="0" yoffset="0" xadvance="14" page="0" chnl="15"/>
    <char id="42" x="67" y="52" width="9" height="9" xoffset="0" yoffset="0" xadvance="12" page="0" chnl="15"/>
    <char id="40" x="73" y="34" width="6" height="14" xoffset="0" yoffset="0" xadvance="9" page="0" chnl="15"/>
    <char id="41" x="74" y="18" width="6" height="14" xoffset="0" yoffset="0" xadvance="9" page="0" chnl="15"/>
    <char id="95" x="29" y="164" width="14" height="4" xoffset="0" yoffset="10" xadvance="17" page="0" chnl="15"/>
    <char id="43" x="80" y="2" width="14" height="14" xoffset="0" yoffset="0" xadvance="17" page="0" chnl="15"/>
    <char id="45" x="29" y="170" width="11" height="4" xoffset="0" yoffset="5" xadvance="14" page="0" chnl="15"/>
    <char id="61" x="42" y="146" width="11" height="9" xoffset="0" yoffset="3" xadvance="14" page="0" chnl="15"/>
    <char id="46" x="15" y="116" width="4" height="4" xoffset="0" yoffset="10" xadvance="7" page="0" chnl="15"/>
    <char id="44" x="15" y="122" width="4" height="6" xoffset="0" yoffset="10" xadvance="7" page="0" chnl="15"/>
    <char id="47" x="52" y="130" width="6" height="14" xoffset="0" yoffset="0" xadvance="9" page="0" chnl="15"/>
    <char id="124" x="2" y="242" width="4" height="14" xoffset="0" yoffset="0" xadvance="7" page="0" chnl="15"/>
    <char id="34" x="2" y="258" width="9" height="6" xoffset="0" yoffset="0" xadvance="12" page="0" chnl="15"/>
    <char id="39" x="8" y="242" width="4" height="6" xoffset="0" yoffset="0" xadvance="7" page="0" chnl="15"/>
    <char id="64" x="2" y="266" width="14" height="14" xoffset="0" yoffset="0" xadvance="17" page="0" chnl="15"/>
    <char id="35" x="13" y="250" width="14" height="14" xoffset="0" yoffset="0" xadvance="17" page="0" chnl="15"/>
    <char id="36" x="15" y="210" width="14" height="14" xoffset="0" yoffset="0" xadvance="17" page="0" chnl="15"/>
    <char id="94" x="14" y="242" width="9" height="6" xoffset="0" yoffset="0" xadvance="12" page="0" chnl="15"/>
    <char id="38" x="26" y="194" width="14" height="14" xoffset="0" yoffset="0" xadvance="17" page="0" chnl="15"/>
    <char id="123" x="15" y="226" width="8" height="14" xoffset="1" yoffset="0" xadvance="12" page="0" chnl="15"/>
    <char id="125" x="31" y="176" width="8" height="14" xoffset="0" yoffset="0" xadvance="12" page="0" chnl="15"/>
    <char id="91" x="41" y="176" width="6" height="14" xoffset="0" yoffset="0" xadvance="9" page="0" chnl="15"/>
    <char id="93" x="45" y="157" width="6" height="14" xoffset="0" yoffset="0" xadvance="9" page="0" chnl="15"/>
    <char id="48" x="25" y="226" width="11" height="14" xoffset="0" yoffset="0" xadvance="14" page="0" chnl="15"/>
    <char id="49" x="31" y="210" width="6" height="14" xoffset="0" yoffset="0" xadvance="9" page="0" chnl="15"/>
    <char id="50" x="2" y="282" width="11" height="14" xoffset="0" yoffset="0" xadvance="14" page="0" chnl="15"/>
    <char id="51" x="2" y="298" width="11" height="14" xoffset="0" yoffset="0" xadvance="14" page="0" chnl="15"/>
    <char id="52" x="2" y="314" width="11" height="14" xoffset="0" yoffset="0" xadvance="14" page="0" chnl="15"/>
    <char id="53" x="2" y="330" width="11" height="14" xoffset="0" yoffset="0" xadvance="14" page="0" chnl="15"/>
    <char id="54" x="2" y="346" width="11" height="14" xoffset="0" yoffset="0" xadvance="14" page="0" chnl="15"/>
    <char id="55" x="2" y="362" width="11" height="14" xoffset="0" yoffset="0" xadvance="14" page="0" chnl="15"/>
    <char id="56" x="2" y="378" width="11" height="14" xoffset="0" yoffset="0" xadvance="14" page="0" chnl="15"/>
    <char id="57" x="2" y="394" width="11" height="14" xoffset="0" yoffset="0" xadvance="14" page="0" chnl="15"/>
    <char id="32" x="0" y="0" width="0" height="0" xoffset="0" yoffset="0" xadvance="5" page="0" chnl="15"/>
  </chars>
</font>